{
  "model": "GradientBoostingClassifier",
  "model_params": {
    "learning_rate": 0.1,
    "n_estimators": 150
  },
  "roc_auc": 0.7705572956671517,
  "precision": 0.6647230320699709,
  "recall": 0.3436322532027129,
  "f1": 0.45305514157973176
}